Iteration,0,Predator,5000,Prey,2831,Grass,5000
Iteration,1,Predator,4834,Prey,652,Grass,2103
Iteration,2,Predator,4770,Prey,608,Grass,2040
Iteration,3,Predator,4689,Prey,578,Grass,2000
Iteration,4,Predator,4611,Prey,545,Grass,1946
Iteration,5,Predator,4545,Prey,499,Grass,1915
Iteration,6,Predator,4478,Prey,467,Grass,1871
Iteration,7,Predator,4408,Prey,417,Grass,1839
Iteration,8,Predator,4337,Prey,368,Grass,1808
Iteration,9,Predator,4261,Prey,338,Grass,1781
Iteration,10,Predator,4186,Prey,310,Grass,1759
Iteration,11,Predator,4094,Prey,273,Grass,1729
Iteration,12,Predator,4001,Prey,251,Grass,1709
Iteration,13,Predator,3902,Prey,240,Grass,1699
Iteration,14,Predator,3819,Prey,223,Grass,1681
Iteration,15,Predator,3697,Prey,207,Grass,1664
Iteration,16,Predator,3594,Prey,183,Grass,1657
Iteration,17,Predator,3511,Prey,175,Grass,1653
Iteration,18,Predator,3384,Prey,165,Grass,1633
Iteration,19,Predator,3291,Prey,148,Grass,1623
Iteration,20,Predator,3203,Prey,142,Grass,1613
Iteration,21,Predator,3097,Prey,128,Grass,1599
Iteration,22,Predator,2998,Prey,114,Grass,1593
Iteration,23,Predator,2892,Prey,105,Grass,1583
Iteration,24,Predator,2777,Prey,99,Grass,1580
Iteration,25,Predator,2666,Prey,91,Grass,1571
Iteration,26,Predator,2543,Prey,89,Grass,1570
Iteration,27,Predator,2428,Prey,86,Grass,1561
Iteration,28,Predator,2302,Prey,77,Grass,1557
Iteration,29,Predator,2179,Prey,75,Grass,1556
Iteration,30,Predator,2057,Prey,66,Grass,1552
Iteration,31,Predator,1938,Prey,62,Grass,1545
Iteration,32,Predator,1810,Prey,67,Grass,1541
Iteration,33,Predator,1701,Prey,63,Grass,1530
Iteration,34,Predator,1567,Prey,63,Grass,1523
Iteration,35,Predator,1444,Prey,64,Grass,1523
Iteration,36,Predator,1323,Prey,63,Grass,1519
Iteration,37,Predator,1201,Prey,68,Grass,1517
Iteration,38,Predator,1101,Prey,68,Grass,1509
Iteration,39,Predator,991,Prey,67,Grass,1505
Iteration,40,Predator,929,Prey,70,Grass,1504
Iteration,41,Predator,860,Prey,79,Grass,1501
Iteration,42,Predator,814,Prey,78,Grass,1494
Iteration,43,Predator,763,Prey,83,Grass,1490
Iteration,44,Predator,694,Prey,87,Grass,1483
Iteration,45,Predator,648,Prey,87,Grass,1479
Iteration,46,Predator,588,Prey,97,Grass,1477
Iteration,47,Predator,516,Prey,101,Grass,1470
Iteration,48,Predator,465,Prey,109,Grass,1467
Iteration,49,Predator,409,Prey,114,Grass,1459
Iteration,50,Predator,360,Prey,124,Grass,1455
Iteration,51,Predator,347,Prey,135,Grass,1445
Iteration,52,Predator,324,Prey,151,Grass,1436
Iteration,53,Predator,300,Prey,166,Grass,1428
Iteration,54,Predator,275,Prey,179,Grass,1418
Iteration,55,Predator,258,Prey,187,Grass,1409
Iteration,56,Predator,233,Prey,202,Grass,1400
Iteration,57,Predator,208,Prey,219,Grass,1387
Iteration,58,Predator,187,Prey,239,Grass,1367
Iteration,59,Predator,162,Prey,251,Grass,1340
Iteration,60,Predator,144,Prey,275,Grass,1319
Iteration,61,Predator,120,Prey,299,Grass,1302
Iteration,62,Predator,113,Prey,328,Grass,1286
Iteration,63,Predator,105,Prey,343,Grass,1276
Iteration,64,Predator,102,Prey,377,Grass,1258
Iteration,65,Predator,100,Prey,403,Grass,1241
Iteration,66,Predator,93,Prey,435,Grass,1219
Iteration,67,Predator,88,Prey,466,Grass,1202
Iteration,68,Predator,76,Prey,520,Grass,1190
Iteration,69,Predator,74,Prey,566,Grass,1165
Iteration,70,Predator,67,Prey,620,Grass,1141
Iteration,71,Predator,55,Prey,657,Grass,1105
Iteration,72,Predator,45,Prey,716,Grass,1070
Iteration,73,Predator,42,Prey,759,Grass,1038
Iteration,74,Predator,41,Prey,834,Grass,1019
Iteration,75,Predator,40,Prey,893,Grass,960
Iteration,76,Predator,36,Prey,974,Grass,934
Iteration,77,Predator,32,Prey,1050,Grass,886
Iteration,78,Predator,31,Prey,1118,Grass,842
Iteration,79,Predator,30,Prey,1180,Grass,811
Iteration,80,Predator,29,Prey,1271,Grass,773
Iteration,81,Predator,26,Prey,1393,Grass,736
Iteration,82,Predator,23,Prey,1504,Grass,679
Iteration,83,Predator,22,Prey,1589,Grass,647
Iteration,84,Predator,22,Prey,1701,Grass,619
Iteration,85,Predator,22,Prey,1825,Grass,581
Iteration,86,Predator,22,Prey,1983,Grass,3427
Iteration,87,Predator,21,Prey,2153,Grass,2142
Iteration,88,Predator,20,Prey,2317,Grass,1986
Iteration,89,Predator,20,Prey,2541,Grass,1861
Iteration,90,Predator,20,Prey,2776,Grass,1692
Iteration,91,Predator,20,Prey,3038,Grass,1579
Iteration,92,Predator,20,Prey,3361,Grass,1403
Iteration,93,Predator,19,Prey,3670,Grass,1262
Iteration,94,Predator,19,Prey,3995,Grass,1138
Iteration,95,Predator,19,Prey,4426,Grass,984
Iteration,96,Predator,19,Prey,4884,Grass,866
Iteration,97,Predator,19,Prey,5343,Grass,705
Iteration,98,Predator,19,Prey,5879,Grass,586
Iteration,99,Predator,19,Prey,6408,Grass,476
Iteration,100,Predator,19,Prey,7009,Grass,380
Iteration,101,Predator,18,Prey,7682,Grass,298
Iteration,102,Predator,18,Prey,8334,Grass,225
Iteration,103,Predator,18,Prey,9022,Grass,185
Iteration,104,Predator,18,Prey,9749,Grass,138
Iteration,105,Predator,18,Prey,10547,Grass,109
Iteration,106,Predator,18,Prey,11317,Grass,92
Iteration,107,Predator,18,Prey,12129,Grass,65
Iteration,108,Predator,18,Prey,12984,Grass,52
Iteration,109,Predator,18,Prey,13892,Grass,32
Iteration,110,Predator,19,Prey,14658,Grass,22
Iteration,111,Predator,20,Prey,15335,Grass,8
Iteration,112,Predator,20,Prey,16035,Grass,16
Iteration,113,Predator,20,Prey,16683,Grass,10
Iteration,114,Predator,20,Prey,17320,Grass,6
Iteration,115,Predator,21,Prey,17947,Grass,8
Iteration,116,Predator,21,Prey,18480,Grass,10
Iteration,117,Predator,21,Prey,18976,Grass,6
Iteration,118,Predator,21,Prey,19259,Grass,11
Iteration,119,Predator,21,Prey,19477,Grass,7
Iteration,120,Predator,21,Prey,19768,Grass,0
Iteration,121,Predator,21,Prey,19923,Grass,4
Iteration,122,Predator,21,Prey,19849,Grass,2
Iteration,123,Predator,21,Prey,19818,Grass,8
Iteration,124,Predator,21,Prey,19707,Grass,4
Iteration,125,Predator,21,Prey,19433,Grass,1
Iteration,126,Predator,21,Prey,19074,Grass,3
Iteration,127,Predator,21,Prey,18703,Grass,7
Iteration,128,Predator,22,Prey,18288,Grass,4
Iteration,129,Predator,22,Prey,17605,Grass,7
Iteration,130,Predator,22,Prey,17025,Grass,4
Iteration,131,Predator,22,Prey,16447,Grass,2
Iteration,132,Predator,22,Prey,15877,Grass,7
Iteration,133,Predator,22,Prey,15285,Grass,3
Iteration,134,Predator,22,Prey,14446,Grass,8
Iteration,135,Predator,22,Prey,13676,Grass,4
Iteration,136,Predator,22,Prey,13082,Grass,10
Iteration,137,Predator,22,Prey,12573,Grass,9
Iteration,138,Predator,22,Prey,11952,Grass,10
Iteration,139,Predator,22,Prey,11388,Grass,10
Iteration,140,Predator,22,Prey,10758,Grass,10
Iteration,141,Predator,22,Prey,10203,Grass,11
Iteration,142,Predator,22,Prey,9570,Grass,14
Iteration,143,Predator,22,Prey,9062,Grass,22
Iteration,144,Predator,22,Prey,8497,Grass,28
Iteration,145,Predator,22,Prey,7968,Grass,26
Iteration,146,Predator,22,Prey,7529,Grass,24
Iteration,147,Predator,22,Prey,7089,Grass,26
Iteration,148,Predator,22,Prey,6576,Grass,22
Iteration,149,Predator,22,Prey,6225,Grass,30
Iteration,150,Predator,22,Prey,5914,Grass,27
Iteration,151,Predator,22,Prey,5533,Grass,32
Iteration,152,Predator,22,Prey,5240,Grass,32
Iteration,153,Predator,22,Prey,4921,Grass,23
Iteration,154,Predator,22,Prey,4718,Grass,36
Iteration,155,Predator,22,Prey,4501,Grass,40
Iteration,156,Predator,22,Prey,4271,Grass,55
Iteration,157,Predator,22,Prey,4125,Grass,65
Iteration,158,Predator,22,Prey,3938,Grass,67
Iteration,159,Predator,22,Prey,3752,Grass,58
Iteration,160,Predator,22,Prey,3638,Grass,101
Iteration,161,Predator,22,Prey,3506,Grass,72
Iteration,162,Predator,22,Prey,3409,Grass,95
Iteration,163,Predator,22,Prey,3341,Grass,100
Iteration,164,Predator,22,Prey,3264,Grass,95
Iteration,165,Predator,22,Prey,3267,Grass,102
Iteration,166,Predator,22,Prey,3195,Grass,108
Iteration,167,Predator,22,Prey,3169,Grass,135
Iteration,168,Predator,22,Prey,3158,Grass,117
Iteration,169,Predator,22,Prey,3143,Grass,109
Iteration,170,Predator,22,Prey,3156,Grass,123
Iteration,171,Predator,22,Prey,3191,Grass,141
Iteration,172,Predator,22,Prey,3208,Grass,1445
Iteration,173,Predator,22,Prey,3270,Grass,747
Iteration,174,Predator,22,Prey,3407,Grass,742
Iteration,175,Predator,22,Prey,3549,Grass,748
Iteration,176,Predator,22,Prey,3757,Grass,698
Iteration,177,Predator,22,Prey,3989,Grass,713
Iteration,178,Predator,22,Prey,4292,Grass,651
Iteration,179,Predator,22,Prey,4551,Grass,603
Iteration,180,Predator,22,Prey,4850,Grass,605
Iteration,181,Predator,22,Prey,5220,Grass,547
Iteration,182,Predator,22,Prey,5626,Grass,544
Iteration,183,Predator,22,Prey,6075,Grass,463
Iteration,184,Predator,22,Prey,6554,Grass,423
Iteration,185,Predator,22,Prey,7085,Grass,372
Iteration,186,Predator,22,Prey,7642,Grass,306
Iteration,187,Predator,22,Prey,8307,Grass,270
Iteration,188,Predator,22,Prey,8902,Grass,220
Iteration,189,Predator,22,Prey,9547,Grass,186
Iteration,190,Predator,22,Prey,10257,Grass,142
Iteration,191,Predator,22,Prey,10980,Grass,112
Iteration,192,Predator,22,Prey,11863,Grass,91
Iteration,193,Predator,23,Prey,12598,Grass,68
Iteration,194,Predator,23,Prey,13372,Grass,56
Iteration,195,Predator,23,Prey,14091,Grass,46
Iteration,196,Predator,23,Prey,14894,Grass,41
Iteration,197,Predator,23,Prey,15556,Grass,19
Iteration,198,Predator,23,Prey,16148,Grass,20
Iteration,199,Predator,23,Prey,16764,Grass,11
Iteration,200,Predator,23,Prey,17353,Grass,7
Iteration,201,Predator,23,Prey,17922,Grass,7
Iteration,202,Predator,24,Prey,18440,Grass,10
Iteration,203,Predator,24,Prey,18846,Grass,8
Iteration,204,Predator,24,Prey,19077,Grass,13
Iteration,205,Predator,24,Prey,19235,Grass,9
Iteration,206,Predator,24,Prey,19254,Grass,1
Iteration,207,Predator,24,Prey,19335,Grass,5
Iteration,208,Predator,24,Prey,19425,Grass,3
Iteration,209,Predator,24,Prey,19402,Grass,8
Iteration,210,Predator,24,Prey,19238,Grass,4
Iteration,211,Predator,24,Prey,18908,Grass,1
Iteration,212,Predator,24,Prey,18598,Grass,3
Iteration,213,Predator,24,Prey,18166,Grass,7
Iteration,214,Predator,25,Prey,17818,Grass,4
Iteration,215,Predator,25,Prey,17402,Grass,7
Iteration,216,Predator,25,Prey,16814,Grass,4
Iteration,217,Predator,25,Prey,16267,Grass,2
Iteration,218,Predator,25,Prey,15672,Grass,7
Iteration,219,Predator,25,Prey,14933,Grass,3
Iteration,220,Predator,25,Prey,14273,Grass,8
Iteration,221,Predator,25,Prey,13607,Grass,4
Iteration,222,Predator,25,Prey,13019,Grass,10
Iteration,223,Predator,25,Prey,12300,Grass,7
Iteration,224,Predator,25,Prey,11652,Grass,10
Iteration,225,Predator,25,Prey,11066,Grass,9
Iteration,226,Predator,25,Prey,10542,Grass,8
Iteration,227,Predator,25,Prey,10004,Grass,11
Iteration,228,Predator,25,Prey,9501,Grass,14
Iteration,229,Predator,25,Prey,8994,Grass,22
Iteration,230,Predator,25,Prey,8419,Grass,25
Iteration,231,Predator,25,Prey,7995,Grass,24
Iteration,232,Predator,25,Prey,7395,Grass,22
Iteration,233,Predator,25,Prey,6953,Grass,25
Iteration,234,Predator,25,Prey,6477,Grass,17
Iteration,235,Predator,25,Prey,6082,Grass,26
Iteration,236,Predator,25,Prey,5796,Grass,23
Iteration,237,Predator,25,Prey,5396,Grass,27
Iteration,238,Predator,25,Prey,5018,Grass,33
Iteration,239,Predator,26,Prey,4803,Grass,29
Iteration,240,Predator,26,Prey,4541,Grass,36
Iteration,241,Predator,26,Prey,4308,Grass,41
Iteration,242,Predator,26,Prey,4101,Grass,46
Iteration,243,Predator,26,Prey,3896,Grass,56
Iteration,244,Predator,26,Prey,3782,Grass,63
Iteration,245,Predator,26,Prey,3634,Grass,58
Iteration,246,Predator,26,Prey,3527,Grass,96
Iteration,247,Predator,26,Prey,3370,Grass,84
Iteration,248,Predator,26,Prey,3268,Grass,98
Iteration,249,Predator,26,Prey,3215,Grass,107
Iteration,250,Predator,26,Prey,3153,Grass,104
Iteration,251,Predator,26,Prey,3031,Grass,107
Iteration,252,Predator,26,Prey,2964,Grass,105
Iteration,253,Predator,26,Prey,2929,Grass,133
Iteration,254,Predator,26,Prey,2884,Grass,132
Iteration,255,Predator,26,Prey,2853,Grass,129
Iteration,256,Predator,26,Prey,2885,Grass,134
Iteration,257,Predator,26,Prey,2862,Grass,142
Iteration,258,Predator,26,Prey,2851,Grass,1007
Iteration,259,Predator,26,Prey,2914,Grass,616
Iteration,260,Predator,26,Prey,3012,Grass,644
Iteration,261,Predator,27,Prey,3120,Grass,678
Iteration,262,Predator,27,Prey,3272,Grass,684
Iteration,263,Predator,27,Prey,3407,Grass,730
Iteration,264,Predator,27,Prey,3629,Grass,704
Iteration,265,Predator,27,Prey,3881,Grass,670
Iteration,266,Predator,27,Prey,4159,Grass,679
Iteration,267,Predator,27,Prey,4441,Grass,651
Iteration,268,Predator,27,Prey,4728,Grass,649
Iteration,269,Predator,27,Prey,5139,Grass,589
Iteration,270,Predator,28,Prey,5568,Grass,547
Iteration,271,Predator,28,Prey,6033,Grass,505
Iteration,272,Predator,28,Prey,6516,Grass,413
Iteration,273,Predator,28,Prey,7063,Grass,379
Iteration,274,Predator,28,Prey,7640,Grass,301
Iteration,275,Predator,28,Prey,8168,Grass,256
Iteration,276,Predator,28,Prey,8776,Grass,197
Iteration,277,Predator,29,Prey,9415,Grass,167
Iteration,278,Predator,29,Prey,10103,Grass,138
Iteration,279,Predator,29,Prey,10803,Grass,110
Iteration,280,Predator,29,Prey,11484,Grass,82
Iteration,281,Predator,29,Prey,12169,Grass,65
Iteration,282,Predator,29,Prey,12969,Grass,60
Iteration,283,Predator,29,Prey,13732,Grass,38
Iteration,284,Predator,29,Prey,14406,Grass,35
Iteration,285,Predator,29,Prey,15150,Grass,23
Iteration,286,Predator,29,Prey,15802,Grass,17
Iteration,287,Predator,30,Prey,16313,Grass,14
Iteration,288,Predator,30,Prey,16830,Grass,15
Iteration,289,Predator,30,Prey,17309,Grass,9
Iteration,290,Predator,30,Prey,17739,Grass,13
Iteration,291,Predator,30,Prey,18066,Grass,9
Iteration,292,Predator,30,Prey,18338,Grass,0
Iteration,293,Predator,30,Prey,18582,Grass,4
Iteration,294,Predator,30,Prey,18681,Grass,4
Iteration,295,Predator,30,Prey,18919,Grass,9
Iteration,296,Predator,30,Prey,19009,Grass,4
Iteration,297,Predator,30,Prey,19082,Grass,1
Iteration,298,Predator,30,Prey,18971,Grass,3
Iteration,299,Predator,30,Prey,18736,Grass,7
Iteration,300,Predator,30,Prey,18423,Grass,4
Iteration,301,Predator,30,Prey,18140,Grass,7
Iteration,302,Predator,30,Prey,17672,Grass,4
Iteration,303,Predator,30,Prey,17389,Grass,2
Iteration,304,Predator,31,Prey,16854,Grass,7
Iteration,305,Predator,31,Prey,16426,Grass,3
Iteration,306,Predator,31,Prey,15892,Grass,8
Iteration,307,Predator,31,Prey,15374,Grass,4
Iteration,308,Predator,31,Prey,14716,Grass,10
Iteration,309,Predator,31,Prey,14092,Grass,7
Iteration,310,Predator,31,Prey,13424,Grass,10
Iteration,311,Predator,31,Prey,12883,Grass,9
Iteration,312,Predator,31,Prey,12125,Grass,7
Iteration,313,Predator,31,Prey,11465,Grass,10
Iteration,314,Predator,31,Prey,11002,Grass,14
Iteration,315,Predator,31,Prey,10358,Grass,22
Iteration,316,Predator,31,Prey,9901,Grass,23
Iteration,317,Predator,31,Prey,9417,Grass,18
Iteration,318,Predator,31,Prey,8838,Grass,13
Iteration,319,Predator,31,Prey,8326,Grass,20
Iteration,320,Predator,31,Prey,7807,Grass,12
Iteration,321,Predator,31,Prey,7314,Grass,22
Iteration,322,Predator,31,Prey,6811,Grass,20
Iteration,323,Predator,31,Prey,6402,Grass,24
Iteration,324,Predator,31,Prey,6012,Grass,27
Iteration,325,Predator,31,Prey,5680,Grass,26
Iteration,326,Predator,31,Prey,5335,Grass,28
Iteration,327,Predator,31,Prey,5000,Grass,36
Iteration,328,Predator,31,Prey,4746,Grass,34
Iteration,329,Predator,31,Prey,4551,Grass,43
Iteration,330,Predator,31,Prey,4255,Grass,40
Iteration,331,Predator,31,Prey,3995,Grass,38
Iteration,332,Predator,31,Prey,3848,Grass,58
Iteration,333,Predator,31,Prey,3656,Grass,54
Iteration,334,Predator,31,Prey,3440,Grass,56
Iteration,335,Predator,31,Prey,3304,Grass,68
Iteration,336,Predator,31,Prey,3228,Grass,68
Iteration,337,Predator,31,Prey,3174,Grass,77
Iteration,338,Predator,31,Prey,3070,Grass,73
Iteration,339,Predator,31,Prey,2945,Grass,88
Iteration,340,Predator,31,Prey,2916,Grass,84
Iteration,341,Predator,31,Prey,2891,Grass,94
Iteration,342,Predator,31,Prey,2828,Grass,105
Iteration,343,Predator,31,Prey,2737,Grass,110
Iteration,344,Predator,31,Prey,2693,Grass,663
Iteration,345,Predator,31,Prey,2688,Grass,469
Iteration,346,Predator,31,Prey,2742,Grass,492
Iteration,347,Predator,31,Prey,2793,Grass,529
Iteration,348,Predator,31,Prey,2880,Grass,560
Iteration,349,Predator,32,Prey,3012,Grass,618
Iteration,350,Predator,32,Prey,3190,Grass,653
Iteration,351,Predator,32,Prey,3321,Grass,650
Iteration,352,Predator,32,Prey,3520,Grass,660
Iteration,353,Predator,32,Prey,3780,Grass,676
Iteration,354,Predator,32,Prey,3999,Grass,693
Iteration,355,Predator,32,Prey,4287,Grass,676
Iteration,356,Predator,32,Prey,4587,Grass,653
Iteration,357,Predator,32,Prey,4940,Grass,646
Iteration,358,Predator,32,Prey,5336,Grass,547
Iteration,359,Predator,32,Prey,5700,Grass,542
Iteration,360,Predator,32,Prey,6219,Grass,487
Iteration,361,Predator,32,Prey,6724,Grass,419
Iteration,362,Predator,32,Prey,7255,Grass,338
Iteration,363,Predator,32,Prey,7866,Grass,292
Iteration,364,Predator,32,Prey,8519,Grass,252
Iteration,365,Predator,32,Prey,9197,Grass,197
Iteration,366,Predator,32,Prey,9893,Grass,141
Iteration,367,Predator,32,Prey,10678,Grass,109
Iteration,368,Predator,33,Prey,11414,Grass,91
Iteration,369,Predator,34,Prey,12225,Grass,64
Iteration,370,Predator,34,Prey,13005,Grass,51
Iteration,371,Predator,34,Prey,13733,Grass,39
Iteration,372,Predator,34,Prey,14584,Grass,27
Iteration,373,Predator,34,Prey,15373,Grass,24
Iteration,374,Predator,34,Prey,15980,Grass,24
Iteration,375,Predator,34,Prey,16687,Grass,15
Iteration,376,Predator,34,Prey,17247,Grass,16
Iteration,377,Predator,34,Prey,17626,Grass,13
Iteration,378,Predator,34,Prey,18137,Grass,4
Iteration,379,Predator,34,Prey,18425,Grass,4
Iteration,380,Predator,34,Prey,18800,Grass,4
Iteration,381,Predator,34,Prey,19116,Grass,10
Iteration,382,Predator,34,Prey,19258,Grass,5
Iteration,383,Predator,34,Prey,19325,Grass,2
Iteration,384,Predator,35,Prey,19262,Grass,3
Iteration,385,Predator,35,Prey,19144,Grass,8
Iteration,386,Predator,35,Prey,18966,Grass,5
Iteration,387,Predator,35,Prey,18703,Grass,8
Iteration,388,Predator,35,Prey,18470,Grass,4
Iteration,389,Predator,35,Prey,18176,Grass,2
Iteration,390,Predator,37,Prey,17601,Grass,7
Iteration,391,Predator,37,Prey,16977,Grass,3
Iteration,392,Predator,37,Prey,16569,Grass,8
Iteration,393,Predator,37,Prey,15996,Grass,4
Iteration,394,Predator,37,Prey,15551,Grass,10
Iteration,395,Predator,37,Prey,14822,Grass,7
Iteration,396,Predator,37,Prey,14132,Grass,10
Iteration,397,Predator,37,Prey,13482,Grass,10
Iteration,398,Predator,37,Prey,12935,Grass,7
Iteration,399,Predator,37,Prey,12325,Grass,10
Iteration,400,Predator,37,Prey,11683,Grass,13
Iteration,401,Predator,37,Prey,11058,Grass,20
Iteration,402,Predator,37,Prey,10458,Grass,22
Iteration,403,Predator,37,Prey,9910,Grass,17
Iteration,404,Predator,37,Prey,9298,Grass,14
Iteration,405,Predator,37,Prey,8737,Grass,23
Iteration,406,Predator,37,Prey,8394,Grass,14
Iteration,407,Predator,37,Prey,7925,Grass,20
Iteration,408,Predator,37,Prey,7459,Grass,16
Iteration,409,Predator,37,Prey,7012,Grass,16
Iteration,410,Predator,37,Prey,6587,Grass,17
Iteration,411,Predator,37,Prey,6167,Grass,19
Iteration,412,Predator,37,Prey,5866,Grass,19
Iteration,413,Predator,37,Prey,5592,Grass,27
Iteration,414,Predator,37,Prey,5275,Grass,19
Iteration,415,Predator,37,Prey,5027,Grass,33
Iteration,416,Predator,37,Prey,4741,Grass,30
Iteration,417,Predator,37,Prey,4504,Grass,28
Iteration,418,Predator,37,Prey,4335,Grass,42
Iteration,419,Predator,37,Prey,4077,Grass,40
Iteration,420,Predator,37,Prey,3898,Grass,35
Iteration,421,Predator,37,Prey,3765,Grass,46
Iteration,422,Predator,37,Prey,3607,Grass,49
Iteration,423,Predator,37,Prey,3480,Grass,53
Iteration,424,Predator,37,Prey,3328,Grass,50
Iteration,425,Predator,37,Prey,3211,Grass,59
Iteration,426,Predator,37,Prey,3102,Grass,53
Iteration,427,Predator,37,Prey,3065,Grass,63
Iteration,428,Predator,38,Prey,2945,Grass,71
Iteration,429,Predator,39,Prey,2886,Grass,72
Iteration,430,Predator,39,Prey,2837,Grass,410
Iteration,431,Predator,39,Prey,2810,Grass,309
Iteration,432,Predator,39,Prey,2852,Grass,352
Iteration,433,Predator,39,Prey,2873,Grass,398
Iteration,434,Predator,39,Prey,2935,Grass,447
Iteration,435,Predator,39,Prey,2991,Grass,488
Iteration,436,Predator,39,Prey,3098,Grass,535
Iteration,437,Predator,39,Prey,3204,Grass,559
Iteration,438,Predator,39,Prey,3317,Grass,581
Iteration,439,Predator,39,Prey,3465,Grass,595
Iteration,440,Predator,39,Prey,3668,Grass,629
Iteration,441,Predator,39,Prey,3954,Grass,617
Iteration,442,Predator,39,Prey,4216,Grass,588
Iteration,443,Predator,39,Prey,4480,Grass,633
Iteration,444,Predator,39,Prey,4835,Grass,572
Iteration,445,Predator,39,Prey,5219,Grass,553
Iteration,446,Predator,39,Prey,5637,Grass,538
Iteration,447,Predator,39,Prey,6121,Grass,485
Iteration,448,Predator,39,Prey,6549,Grass,398
Iteration,449,Predator,39,Prey,7088,Grass,359
Iteration,450,Predator,39,Prey,7615,Grass,321
Iteration,451,Predator,39,Prey,8219,Grass,272
Iteration,452,Predator,39,Prey,8906,Grass,215
Iteration,453,Predator,39,Prey,9621,Grass,159
Iteration,454,Predator,39,Prey,10269,Grass,135
Iteration,455,Predator,39,Prey,10992,Grass,105
Iteration,456,Predator,39,Prey,11680,Grass,82
Iteration,457,Predator,39,Prey,12382,Grass,66
Iteration,458,Predator,39,Prey,13122,Grass,43
Iteration,459,Predator,39,Prey,13802,Grass,34
Iteration,460,Predator,39,Prey,14495,Grass,32
Iteration,461,Predator,39,Prey,15143,Grass,23
Iteration,462,Predator,39,Prey,15825,Grass,21
Iteration,463,Predator,39,Prey,16426,Grass,13
Iteration,464,Predator,39,Prey,16999,Grass,6
Iteration,465,Predator,39,Prey,17512,Grass,6
Iteration,466,Predator,39,Prey,17898,Grass,6
Iteration,467,Predator,39,Prey,18236,Grass,10
Iteration,468,Predator,39,Prey,18513,Grass,4
Iteration,469,Predator,39,Prey,18598,Grass,2
Iteration,470,Predator,39,Prey,18692,Grass,2
Iteration,471,Predator,40,Prey,18789,Grass,7
Iteration,472,Predator,40,Prey,18762,Grass,4
Iteration,473,Predator,41,Prey,18610,Grass,8
Iteration,474,Predator,41,Prey,18406,Grass,4
Iteration,475,Predator,41,Prey,18215,Grass,2
Iteration,476,Predator,41,Prey,17936,Grass,7
Iteration,477,Predator,41,Prey,17480,Grass,3
Iteration,478,Predator,41,Prey,17166,Grass,8
Iteration,479,Predator,41,Prey,16766,Grass,4
Iteration,480,Predator,41,Prey,16297,Grass,10
Iteration,481,Predator,41,Prey,15717,Grass,8
Iteration,482,Predator,41,Prey,15014,Grass,9
Iteration,483,Predator,41,Prey,14507,Grass,9
Iteration,484,Predator,41,Prey,13856,Grass,6
Iteration,485,Predator,41,Prey,13169,Grass,9
Iteration,486,Predator,41,Prey,12469,Grass,12
Iteration,487,Predator,41,Prey,11950,Grass,19
Iteration,488,Predator,41,Prey,11346,Grass,21
Iteration,489,Predator,41,Prey,10781,Grass,14
Iteration,490,Predator,41,Prey,10204,Grass,10
Iteration,491,Predator,42,Prey,9614,Grass,21
Iteration,492,Predator,42,Prey,9093,Grass,13
Iteration,493,Predator,42,Prey,8591,Grass,16
Iteration,494,Predator,42,Prey,8109,Grass,14
Iteration,495,Predator,42,Prey,7625,Grass,15
Iteration,496,Predator,42,Prey,7182,Grass,15
Iteration,497,Predator,42,Prey,6778,Grass,16
Iteration,498,Predator,42,Prey,6436,Grass,18
Iteration,499,Predator,42,Prey,6119,Grass,26
Iteration,500,Predator,42,Prey,5782,Grass,20
Iteration,501,Predator,42,Prey,5544,Grass,30
Iteration,502,Predator,42,Prey,5238,Grass,27
Iteration,503,Predator,42,Prey,4960,Grass,20
Iteration,504,Predator,42,Prey,4750,Grass,31
Iteration,505,Predator,42,Prey,4515,Grass,33
Iteration,506,Predator,42,Prey,4285,Grass,29
Iteration,507,Predator,42,Prey,4076,Grass,35
Iteration,508,Predator,42,Prey,3887,Grass,43
Iteration,509,Predator,42,Prey,3674,Grass,49
Iteration,510,Predator,42,Prey,3515,Grass,53
Iteration,511,Predator,42,Prey,3385,Grass,52
Iteration,512,Predator,42,Prey,3296,Grass,49
Iteration,513,Predator,42,Prey,3207,Grass,49
Iteration,514,Predator,42,Prey,3120,Grass,57
Iteration,515,Predator,42,Prey,3026,Grass,60
Iteration,516,Predator,42,Prey,3000,Grass,291
Iteration,517,Predator,42,Prey,2949,Grass,218
Iteration,518,Predator,42,Prey,2942,Grass,243
Iteration,519,Predator,42,Prey,2930,Grass,285
Iteration,520,Predator,42,Prey,2897,Grass,315
Iteration,521,Predator,42,Prey,2925,Grass,372
Iteration,522,Predator,42,Prey,2976,Grass,427
Iteration,523,Predator,42,Prey,3032,Grass,471
Iteration,524,Predator,43,Prey,3175,Grass,515
Iteration,525,Predator,43,Prey,3261,Grass,543
Iteration,526,Predator,43,Prey,3414,Grass,621
Iteration,527,Predator,43,Prey,3583,Grass,675
Iteration,528,Predator,43,Prey,3739,Grass,650
Iteration,529,Predator,43,Prey,3967,Grass,683
Iteration,530,Predator,43,Prey,4197,Grass,671
Iteration,531,Predator,43,Prey,4505,Grass,655
Iteration,532,Predator,43,Prey,4796,Grass,650
Iteration,533,Predator,43,Prey,5151,Grass,614
Iteration,534,Predator,43,Prey,5482,Grass,503
Iteration,535,Predator,43,Prey,5924,Grass,473
Iteration,536,Predator,43,Prey,6349,Grass,425
Iteration,537,Predator,43,Prey,6843,Grass,367
Iteration,538,Predator,44,Prey,7417,Grass,325
Iteration,539,Predator,45,Prey,7994,Grass,263
Iteration,540,Predator,45,Prey,8597,Grass,228
Iteration,541,Predator,45,Prey,9237,Grass,186
Iteration,542,Predator,45,Prey,9861,Grass,147
Iteration,543,Predator,45,Prey,10470,Grass,126
Iteration,544,Predator,45,Prey,11208,Grass,95
Iteration,545,Predator,45,Prey,11806,Grass,75
Iteration,546,Predator,45,Prey,12521,Grass,63
Iteration,547,Predator,45,Prey,13246,Grass,46
Iteration,548,Predator,45,Prey,14048,Grass,38
Iteration,549,Predator,45,Prey,14796,Grass,23
Iteration,550,Predator,45,Prey,15461,Grass,14
Iteration,551,Predator,45,Prey,16140,Grass,12
Iteration,552,Predator,46,Prey,16569,Grass,12
Iteration,553,Predator,46,Prey,17037,Grass,14
Iteration,554,Predator,46,Prey,17551,Grass,7
Iteration,555,Predator,46,Prey,17900,Grass,4
Iteration,556,Predator,46,Prey,18224,Grass,5
Iteration,557,Predator,46,Prey,18395,Grass,9
Iteration,558,Predator,46,Prey,18457,Grass,6
Iteration,559,Predator,46,Prey,18425,Grass,10
Iteration,560,Predator,46,Prey,18447,Grass,6
Iteration,561,Predator,46,Prey,18363,Grass,3
Iteration,562,Predator,46,Prey,18185,Grass,8
Iteration,563,Predator,46,Prey,17909,Grass,4
Iteration,564,Predator,46,Prey,17688,Grass,9
Iteration,565,Predator,46,Prey,17254,Grass,5
Iteration,566,Predator,46,Prey,16804,Grass,10
Iteration,567,Predator,46,Prey,16377,Grass,10
Iteration,568,Predator,46,Prey,15912,Grass,10
Iteration,569,Predator,46,Prey,15403,Grass,10
Iteration,570,Predator,46,Prey,14858,Grass,8
Iteration,571,Predator,46,Prey,14308,Grass,11
Iteration,572,Predator,46,Prey,13878,Grass,12
Iteration,573,Predator,46,Prey,13421,Grass,19
Iteration,574,Predator,46,Prey,12746,Grass,21
Iteration,575,Predator,46,Prey,12154,Grass,14
Iteration,576,Predator,46,Prey,11715,Grass,8
Iteration,577,Predator,46,Prey,11126,Grass,17
Iteration,578,Predator,46,Prey,10508,Grass,12
Iteration,579,Predator,46,Prey,9993,Grass,16
Iteration,580,Predator,47,Prey,9432,Grass,14
Iteration,581,Predator,47,Prey,8895,Grass,12
Iteration,582,Predator,47,Prey,8339,Grass,11
Iteration,583,Predator,47,Prey,7900,Grass,14
Iteration,584,Predator,47,Prey,7370,Grass,14
Iteration,585,Predator,47,Prey,6986,Grass,20
Iteration,586,Predator,47,Prey,6524,Grass,15
Iteration,587,Predator,47,Prey,6139,Grass,27
Iteration,588,Predator,47,Prey,5796,Grass,30
Iteration,589,Predator,47,Prey,5472,Grass,27
Iteration,590,Predator,47,Prey,5190,Grass,35
Iteration,591,Predator,47,Prey,4892,Grass,36
Iteration,592,Predator,47,Prey,4656,Grass,27
Iteration,593,Predator,47,Prey,4371,Grass,25
Iteration,594,Predator,47,Prey,4181,Grass,35
Iteration,595,Predator,48,Prey,4008,Grass,35
Iteration,596,Predator,48,Prey,3863,Grass,48
Iteration,597,Predator,48,Prey,3766,Grass,46
Iteration,598,Predator,49,Prey,3616,Grass,43
Iteration,599,Predator,49,Prey,3472,Grass,40
Iteration,600,Predator,49,Prey,3354,Grass,47
Iteration,601,Predator,49,Prey,3246,Grass,51
Iteration,602,Predator,49,Prey,3176,Grass,217
Iteration,603,Predator,49,Prey,3171,Grass,166
Iteration,604,Predator,49,Prey,3103,Grass,170
Iteration,605,Predator,49,Prey,3081,Grass,215
Iteration,606,Predator,49,Prey,3076,Grass,229
Iteration,607,Predator,49,Prey,3065,Grass,270
Iteration,608,Predator,49,Prey,3064,Grass,290
Iteration,609,Predator,49,Prey,3095,Grass,346
Iteration,610,Predator,49,Prey,3106,Grass,369
Iteration,611,Predator,49,Prey,3202,Grass,393
Iteration,612,Predator,49,Prey,3314,Grass,446
Iteration,613,Predator,49,Prey,3424,Grass,510
Iteration,614,Predator,49,Prey,3566,Grass,537
Iteration,615,Predator,49,Prey,3740,Grass,557
Iteration,616,Predator,49,Prey,3940,Grass,559
Iteration,617,Predator,49,Prey,4206,Grass,577
Iteration,618,Predator,49,Prey,4453,Grass,601
Iteration,619,Predator,49,Prey,4744,Grass,611
Iteration,620,Predator,49,Prey,5113,Grass,541
Iteration,621,Predator,49,Prey,5445,Grass,512
Iteration,622,Predator,49,Prey,5835,Grass,481
Iteration,623,Predator,49,Prey,6317,Grass,439
Iteration,624,Predator,49,Prey,6827,Grass,370
Iteration,625,Predator,49,Prey,7362,Grass,298
Iteration,626,Predator,50,Prey,7893,Grass,263
Iteration,627,Predator,50,Prey,8445,Grass,212
Iteration,628,Predator,50,Prey,9149,Grass,165
Iteration,629,Predator,50,Prey,9810,Grass,146
Iteration,630,Predator,50,Prey,10518,Grass,123
Iteration,631,Predator,50,Prey,11162,Grass,95
Iteration,632,Predator,51,Prey,11851,Grass,83
Iteration,633,Predator,52,Prey,12508,Grass,67
Iteration,634,Predator,52,Prey,13169,Grass,57
Iteration,635,Predator,52,Prey,13986,Grass,35
Iteration,636,Predator,52,Prey,14756,Grass,22
Iteration,637,Predator,52,Prey,15443,Grass,11
Iteration,638,Predator,52,Prey,15899,Grass,12
Iteration,639,Predator,53,Prey,16591,Grass,14
Iteration,640,Predator,53,Prey,17008,Grass,7
Iteration,641,Predator,53,Prey,17424,Grass,2
Iteration,642,Predator,53,Prey,17705,Grass,4
Iteration,643,Predator,53,Prey,18123,Grass,8
Iteration,644,Predator,53,Prey,18416,Grass,5
Iteration,645,Predator,53,Prey,18524,Grass,9
Iteration,646,Predator,53,Prey,18559,Grass,7
Iteration,647,Predator,53,Prey,18446,Grass,2
Iteration,648,Predator,53,Prey,18390,Grass,7
Iteration,649,Predator,53,Prey,18171,Grass,3
Iteration,650,Predator,54,Prey,17967,Grass,8
Iteration,651,Predator,54,Prey,17596,Grass,4
Iteration,652,Predator,55,Prey,17194,Grass,8
Iteration,653,Predator,55,Prey,16793,Grass,9
Iteration,654,Predator,55,Prey,16498,Grass,10
Iteration,655,Predator,55,Prey,16065,Grass,8
Iteration,656,Predator,55,Prey,15479,Grass,6
Iteration,657,Predator,55,Prey,15108,Grass,11
Iteration,658,Predator,55,Prey,14509,Grass,13
Iteration,659,Predator,55,Prey,13967,Grass,20
Iteration,660,Predator,55,Prey,13351,Grass,22
Iteration,661,Predator,55,Prey,12751,Grass,15
Iteration,662,Predator,55,Prey,12155,Grass,9
Iteration,663,Predator,56,Prey,11655,Grass,18
Iteration,664,Predator,56,Prey,11064,Grass,13
Iteration,665,Predator,56,Prey,10427,Grass,16
Iteration,666,Predator,56,Prey,9913,Grass,15
Iteration,667,Predator,56,Prey,9463,Grass,13
Iteration,668,Predator,56,Prey,8978,Grass,10
Iteration,669,Predator,57,Prey,8505,Grass,13
Iteration,670,Predator,57,Prey,8034,Grass,12
Iteration,671,Predator,57,Prey,7511,Grass,21
Iteration,672,Predator,57,Prey,7033,Grass,14
Iteration,673,Predator,57,Prey,6629,Grass,23
Iteration,674,Predator,58,Prey,6170,Grass,24
Iteration,675,Predator,58,Prey,5899,Grass,25
Iteration,676,Predator,58,Prey,5590,Grass,31
Iteration,677,Predator,58,Prey,5234,Grass,33
Iteration,678,Predator,58,Prey,4992,Grass,30
Iteration,679,Predator,58,Prey,4754,Grass,24
Iteration,680,Predator,58,Prey,4451,Grass,35
Iteration,681,Predator,58,Prey,4221,Grass,28
Iteration,682,Predator,58,Prey,4035,Grass,36
Iteration,683,Predator,58,Prey,3839,Grass,35
Iteration,684,Predator,59,Prey,3700,Grass,35
Iteration,685,Predator,60,Prey,3518,Grass,34
Iteration,686,Predator,60,Prey,3424,Grass,39
Iteration,687,Predator,60,Prey,3242,Grass,38
Iteration,688,Predator,60,Prey,3188,Grass,162
Iteration,689,Predator,60,Prey,3090,Grass,121
Iteration,690,Predator,60,Prey,3045,Grass,123
Iteration,691,Predator,60,Prey,2998,Grass,156
Iteration,692,Predator,60,Prey,2945,Grass,176
Iteration,693,Predator,61,Prey,2974,Grass,223
Iteration,694,Predator,61,Prey,2949,Grass,226
Iteration,695,Predator,61,Prey,2906,Grass,284
Iteration,696,Predator,61,Prey,2933,Grass,302
Iteration,697,Predator,61,Prey,2975,Grass,335
Iteration,698,Predator,61,Prey,3049,Grass,379
Iteration,699,Predator,61,Prey,3132,Grass,415
Iteration,700,Predator,62,Prey,3226,Grass,438
Iteration,701,Predator,62,Prey,3312,Grass,495
Iteration,702,Predator,62,Prey,3446,Grass,524
Iteration,703,Predator,62,Prey,3631,Grass,568
Iteration,704,Predator,62,Prey,3840,Grass,588
Iteration,705,Predator,62,Prey,4073,Grass,629
Iteration,706,Predator,62,Prey,4313,Grass,630
Iteration,707,Predator,62,Prey,4637,Grass,610
Iteration,708,Predator,63,Prey,4961,Grass,579
Iteration,709,Predator,63,Prey,5303,Grass,548
Iteration,710,Predator,63,Prey,5670,Grass,504
Iteration,711,Predator,63,Prey,6141,Grass,420
Iteration,712,Predator,63,Prey,6600,Grass,386
Iteration,713,Predator,63,Prey,7085,Grass,320
Iteration,714,Predator,64,Prey,7605,Grass,264
Iteration,715,Predator,64,Prey,8090,Grass,220
Iteration,716,Predator,64,Prey,8704,Grass,197
Iteration,717,Predator,64,Prey,9281,Grass,158
Iteration,718,Predator,64,Prey,9975,Grass,126
Iteration,719,Predator,64,Prey,10664,Grass,98
Iteration,720,Predator,64,Prey,11370,Grass,82
Iteration,721,Predator,64,Prey,12124,Grass,65
Iteration,722,Predator,64,Prey,12851,Grass,50
Iteration,723,Predator,64,Prey,13542,Grass,29
Iteration,724,Predator,64,Prey,14184,Grass,28
Iteration,725,Predator,64,Prey,14828,Grass,30
Iteration,726,Predator,64,Prey,15390,Grass,21
Iteration,727,Predator,64,Prey,15997,Grass,13
Iteration,728,Predator,64,Prey,16512,Grass,11
Iteration,729,Predator,64,Prey,17004,Grass,15
Iteration,730,Predator,64,Prey,17421,Grass,12
Iteration,731,Predator,64,Prey,17799,Grass,11
Iteration,732,Predator,65,Prey,18073,Grass,11
Iteration,733,Predator,68,Prey,18174,Grass,6
Iteration,734,Predator,68,Prey,18094,Grass,10
Iteration,735,Predator,68,Prey,18081,Grass,8
Iteration,736,Predator,68,Prey,17771,Grass,10
Iteration,737,Predator,68,Prey,17759,Grass,4
Iteration,738,Predator,68,Prey,17494,Grass,8
Iteration,739,Predator,68,Prey,17236,Grass,8
Iteration,740,Predator,68,Prey,16892,Grass,10
Iteration,741,Predator,68,Prey,16432,Grass,8
Iteration,742,Predator,68,Prey,16096,Grass,6
Iteration,743,Predator,68,Prey,15581,Grass,10
Iteration,744,Predator,68,Prey,15223,Grass,12
Iteration,745,Predator,68,Prey,14580,Grass,19
Iteration,746,Predator,69,Prey,13999,Grass,21
Iteration,747,Predator,69,Prey,13384,Grass,14
Iteration,748,Predator,69,Prey,12821,Grass,9
Iteration,749,Predator,69,Prey,12300,Grass,17
Iteration,750,Predator,69,Prey,11744,Grass,12
Iteration,751,Predator,70,Prey,11265,Grass,16
Iteration,752,Predator,70,Prey,10801,Grass,14
Iteration,753,Predator,70,Prey,10304,Grass,12
Iteration,754,Predator,70,Prey,9817,Grass,9
Iteration,755,Predator,70,Prey,9379,Grass,11
Iteration,756,Predator,70,Prey,8915,Grass,8
Iteration,757,Predator,70,Prey,8380,Grass,17
Iteration,758,Predator,70,Prey,7942,Grass,13
Iteration,759,Predator,70,Prey,7482,Grass,20
Iteration,760,Predator,70,Prey,7098,Grass,18
Iteration,761,Predator,70,Prey,6700,Grass,14
Iteration,762,Predator,70,Prey,6420,Grass,24
Iteration,763,Predator,70,Prey,6146,Grass,24
Iteration,764,Predator,70,Prey,5894,Grass,23
Iteration,765,Predator,71,Prey,5536,Grass,11
Iteration,766,Predator,71,Prey,5155,Grass,22
Iteration,767,Predator,71,Prey,4901,Grass,19
Iteration,768,Predator,71,Prey,4663,Grass,26
Iteration,769,Predator,71,Prey,4445,Grass,26
Iteration,770,Predator,71,Prey,4244,Grass,25
Iteration,771,Predator,71,Prey,4043,Grass,23
Iteration,772,Predator,71,Prey,3899,Grass,30
Iteration,773,Predator,71,Prey,3764,Grass,27
Iteration,774,Predator,71,Prey,3635,Grass,125
Iteration,775,Predator,71,Prey,3528,Grass,85
Iteration,776,Predator,71,Prey,3399,Grass,83
Iteration,777,Predator,71,Prey,3368,Grass,106
Iteration,778,Predator,71,Prey,3304,Grass,117
Iteration,779,Predator,71,Prey,3243,Grass,155
Iteration,780,Predator,71,Prey,3185,Grass,162
Iteration,781,Predator,71,Prey,3158,Grass,208
Iteration,782,Predator,71,Prey,3122,Grass,217
Iteration,783,Predator,71,Prey,3131,Grass,246
Iteration,784,Predator,71,Prey,3160,Grass,293
Iteration,785,Predator,71,Prey,3217,Grass,347
Iteration,786,Predator,72,Prey,3278,Grass,377
Iteration,787,Predator,73,Prey,3390,Grass,435
Iteration,788,Predator,73,Prey,3508,Grass,471
Iteration,789,Predator,73,Prey,3638,Grass,537
Iteration,790,Predator,73,Prey,3810,Grass,535
Iteration,791,Predator,73,Prey,4009,Grass,563
Iteration,792,Predator,73,Prey,4225,Grass,607
Iteration,793,Predator,73,Prey,4459,Grass,620
Iteration,794,Predator,73,Prey,4744,Grass,612
Iteration,795,Predator,73,Prey,5052,Grass,584
Iteration,796,Predator,73,Prey,5385,Grass,552
Iteration,797,Predator,73,Prey,5809,Grass,503
Iteration,798,Predator,73,Prey,6237,Grass,475
Iteration,799,Predator,73,Prey,6662,Grass,427
Iteration,800,Predator,73,Prey,7142,Grass,349
Iteration,801,Predator,73,Prey,7621,Grass,285
Iteration,802,Predator,74,Prey,8097,Grass,260
Iteration,803,Predator,74,Prey,8656,Grass,233
Iteration,804,Predator,74,Prey,9306,Grass,202
Iteration,805,Predator,74,Prey,9939,Grass,169
Iteration,806,Predator,74,Prey,10589,Grass,134
Iteration,807,Predator,74,Prey,11257,Grass,111
Iteration,808,Predator,74,Prey,11939,Grass,98
Iteration,809,Predator,74,Prey,12671,Grass,62
Iteration,810,Predator,74,Prey,13335,Grass,52
Iteration,811,Predator,74,Prey,14061,Grass,54
Iteration,812,Predator,74,Prey,14695,Grass,37
Iteration,813,Predator,74,Prey,15230,Grass,29
Iteration,814,Predator,74,Prey,15768,Grass,21
Iteration,815,Predator,74,Prey,16305,Grass,23
Iteration,816,Predator,74,Prey,16683,Grass,19
Iteration,817,Predator,74,Prey,17016,Grass,13
Iteration,818,Predator,74,Prey,17460,Grass,13
Iteration,819,Predator,75,Prey,17760,Grass,6
Iteration,820,Predator,75,Prey,17862,Grass,7
Iteration,821,Predator,75,Prey,17955,Grass,8
Iteration,822,Predator,75,Prey,17857,Grass,11
Iteration,823,Predator,75,Prey,17768,Grass,4
Iteration,824,Predator,75,Prey,17655,Grass,8
Iteration,825,Predator,75,Prey,17392,Grass,8
Iteration,826,Predator,75,Prey,17184,Grass,10
Iteration,827,Predator,75,Prey,16939,Grass,8
Iteration,828,Predator,75,Prey,16658,Grass,6
Iteration,829,Predator,75,Prey,16085,Grass,10
Iteration,830,Predator,75,Prey,15582,Grass,12
Iteration,831,Predator,75,Prey,14958,Grass,19
Iteration,832,Predator,75,Prey,14341,Grass,21
Iteration,833,Predator,75,Prey,13783,Grass,13
Iteration,834,Predator,75,Prey,13133,Grass,8
Iteration,835,Predator,75,Prey,12723,Grass,17
Iteration,836,Predator,76,Prey,12010,Grass,12
Iteration,837,Predator,76,Prey,11460,Grass,17
Iteration,838,Predator,76,Prey,11058,Grass,15
Iteration,839,Predator,77,Prey,10579,Grass,13
Iteration,840,Predator,78,Prey,10089,Grass,10
Iteration,841,Predator,78,Prey,9621,Grass,11
Iteration,842,Predator,78,Prey,9129,Grass,8
Iteration,843,Predator,78,Prey,8686,Grass,14
Iteration,844,Predator,78,Prey,8253,Grass,11
Iteration,845,Predator,79,Prey,7856,Grass,19
Iteration,846,Predator,79,Prey,7479,Grass,18
Iteration,847,Predator,79,Prey,7116,Grass,11
Iteration,848,Predator,80,Prey,6711,Grass,19
Iteration,849,Predator,80,Prey,6373,Grass,17
Iteration,850,Predator,80,Prey,6014,Grass,20
Iteration,851,Predator,80,Prey,5737,Grass,12
Iteration,852,Predator,80,Prey,5492,Grass,18
Iteration,853,Predator,80,Prey,5187,Grass,18
Iteration,854,Predator,80,Prey,4934,Grass,24
Iteration,855,Predator,80,Prey,4665,Grass,23
Iteration,856,Predator,80,Prey,4439,Grass,22
Iteration,857,Predator,80,Prey,4212,Grass,18
Iteration,858,Predator,80,Prey,4048,Grass,28
Iteration,859,Predator,81,Prey,3798,Grass,26
Iteration,860,Predator,81,Prey,3595,Grass,111
Iteration,861,Predator,82,Prey,3423,Grass,82
Iteration,862,Predator,82,Prey,3353,Grass,72
Iteration,863,Predator,82,Prey,3243,Grass,90
Iteration,864,Predator,82,Prey,3207,Grass,108
Iteration,865,Predator,82,Prey,3162,Grass,128
Iteration,866,Predator,82,Prey,3032,Grass,135
Iteration,867,Predator,82,Prey,2993,Grass,176
Iteration,868,Predator,82,Prey,2992,Grass,196
Iteration,869,Predator,82,Prey,2960,Grass,214
Iteration,870,Predator,82,Prey,2991,Grass,261
Iteration,871,Predator,82,Prey,3009,Grass,303
Iteration,872,Predator,82,Prey,3089,Grass,327
Iteration,873,Predator,82,Prey,3160,Grass,365
Iteration,874,Predator,83,Prey,3222,Grass,394
Iteration,875,Predator,84,Prey,3358,Grass,482
Iteration,876,Predator,84,Prey,3492,Grass,476
Iteration,877,Predator,84,Prey,3679,Grass,483
Iteration,878,Predator,84,Prey,3843,Grass,513
Iteration,879,Predator,85,Prey,4070,Grass,550
Iteration,880,Predator,85,Prey,4328,Grass,557
Iteration,881,Predator,85,Prey,4602,Grass,557
Iteration,882,Predator,86,Prey,4919,Grass,535
Iteration,883,Predator,86,Prey,5231,Grass,507
Iteration,884,Predator,86,Prey,5607,Grass,482
Iteration,885,Predator,86,Prey,6027,Grass,481
Iteration,886,Predator,86,Prey,6512,Grass,436
Iteration,887,Predator,87,Prey,6978,Grass,364
Iteration,888,Predator,87,Prey,7483,Grass,323
Iteration,889,Predator,87,Prey,8011,Grass,283
Iteration,890,Predator,87,Prey,8582,Grass,251
Iteration,891,Predator,87,Prey,9151,Grass,202
Iteration,892,Predator,87,Prey,9758,Grass,167
Iteration,893,Predator,87,Prey,10375,Grass,130
Iteration,894,Predator,87,Prey,10983,Grass,121
Iteration,895,Predator,87,Prey,11538,Grass,74
Iteration,896,Predator,87,Prey,12200,Grass,56
Iteration,897,Predator,88,Prey,12766,Grass,64
Iteration,898,Predator,88,Prey,13338,Grass,40
Iteration,899,Predator,88,Prey,14079,Grass,28
Iteration,900,Predator,88,Prey,14589,Grass,23
Iteration,901,Predator,88,Prey,15103,Grass,22
Iteration,902,Predator,89,Prey,15505,Grass,22
Iteration,903,Predator,90,Prey,15888,Grass,15
Iteration,904,Predator,90,Prey,16261,Grass,17
Iteration,905,Predator,90,Prey,16538,Grass,10
Iteration,906,Predator,90,Prey,16896,Grass,10
Iteration,907,Predator,90,Prey,17061,Grass,12
Iteration,908,Predator,90,Prey,17112,Grass,14
Iteration,909,Predator,90,Prey,17157,Grass,7
Iteration,910,Predator,90,Prey,17121,Grass,9
Iteration,911,Predator,90,Prey,17082,Grass,8
Iteration,912,Predator,90,Prey,16838,Grass,10
Iteration,913,Predator,90,Prey,16664,Grass,9
Iteration,914,Predator,90,Prey,16417,Grass,7
Iteration,915,Predator,90,Prey,16172,Grass,11
Iteration,916,Predator,90,Prey,15810,Grass,14
Iteration,917,Predator,90,Prey,15457,Grass,20
Iteration,918,Predator,90,Prey,14951,Grass,22
Iteration,919,Predator,90,Prey,14392,Grass,14
Iteration,920,Predator,91,Prey,13828,Grass,8
Iteration,921,Predator,91,Prey,13259,Grass,16
Iteration,922,Predator,91,Prey,12726,Grass,11
Iteration,923,Predator,91,Prey,12313,Grass,16
Iteration,924,Predator,91,Prey,11799,Grass,15
Iteration,925,Predator,91,Prey,11279,Grass,14
Iteration,926,Predator,91,Prey,10802,Grass,12
Iteration,927,Predator,91,Prey,10264,Grass,14
Iteration,928,Predator,91,Prey,9780,Grass,10
Iteration,929,Predator,92,Prey,9384,Grass,16
Iteration,930,Predator,92,Prey,8896,Grass,13
Iteration,931,Predator,92,Prey,8414,Grass,20
Iteration,932,Predator,93,Prey,8084,Grass,22
Iteration,933,Predator,93,Prey,7597,Grass,15
Iteration,934,Predator,94,Prey,7230,Grass,24
Iteration,935,Predator,95,Prey,6899,Grass,24
Iteration,936,Predator,95,Prey,6562,Grass,23
Iteration,937,Predator,95,Prey,6225,Grass,16
Iteration,938,Predator,95,Prey,5874,Grass,18
Iteration,939,Predator,95,Prey,5599,Grass,15
Iteration,940,Predator,95,Prey,5294,Grass,21
Iteration,941,Predator,95,Prey,5017,Grass,19
Iteration,942,Predator,95,Prey,4726,Grass,17
Iteration,943,Predator,95,Prey,4514,Grass,9
Iteration,944,Predator,95,Prey,4260,Grass,18
Iteration,945,Predator,95,Prey,4053,Grass,14
Iteration,946,Predator,95,Prey,3845,Grass,85
Iteration,947,Predator,95,Prey,3648,Grass,73
Iteration,948,Predator,95,Prey,3555,Grass,68
Iteration,949,Predator,95,Prey,3424,Grass,72
Iteration,950,Predator,96,Prey,3308,Grass,91
Iteration,951,Predator,96,Prey,3195,Grass,107
Iteration,952,Predator,96,Prey,3161,Grass,106
Iteration,953,Predator,96,Prey,3045,Grass,121
Iteration,954,Predator,96,Prey,3017,Grass,146
Iteration,955,Predator,96,Prey,3012,Grass,159
Iteration,956,Predator,97,Prey,2984,Grass,196
Iteration,957,Predator,97,Prey,3031,Grass,214
Iteration,958,Predator,97,Prey,2985,Grass,236
Iteration,959,Predator,97,Prey,3006,Grass,280
Iteration,960,Predator,97,Prey,3098,Grass,285
Iteration,961,Predator,97,Prey,3212,Grass,381
Iteration,962,Predator,97,Prey,3276,Grass,401
Iteration,963,Predator,97,Prey,3413,Grass,436
Iteration,964,Predator,98,Prey,3567,Grass,478
Iteration,965,Predator,99,Prey,3796,Grass,552
Iteration,966,Predator,99,Prey,3994,Grass,559
Iteration,967,Predator,99,Prey,4170,Grass,572
Iteration,968,Predator,99,Prey,4398,Grass,584
Iteration,969,Predator,99,Prey,4691,Grass,555
Iteration,970,Predator,99,Prey,4988,Grass,511
Iteration,971,Predator,99,Prey,5317,Grass,519
Iteration,972,Predator,99,Prey,5689,Grass,493
Iteration,973,Predator,99,Prey,6059,Grass,446
Iteration,974,Predator,100,Prey,6482,Grass,402
Iteration,975,Predator,100,Prey,6908,Grass,361
Iteration,976,Predator,100,Prey,7379,Grass,345
Iteration,977,Predator,100,Prey,7757,Grass,294
Iteration,978,Predator,100,Prey,8232,Grass,262
Iteration,979,Predator,100,Prey,8815,Grass,202
Iteration,980,Predator,100,Prey,9360,Grass,191
Iteration,981,Predator,100,Prey,10009,Grass,132
Iteration,982,Predator,101,Prey,10552,Grass,99
Iteration,983,Predator,101,Prey,11040,Grass,102
Iteration,984,Predator,101,Prey,11676,Grass,78
Iteration,985,Predator,101,Prey,12270,Grass,60
Iteration,986,Predator,101,Prey,12909,Grass,42
Iteration,987,Predator,101,Prey,13507,Grass,37
Iteration,988,Predator,101,Prey,14078,Grass,35
Iteration,989,Predator,101,Prey,14536,Grass,25
Iteration,990,Predator,102,Prey,15010,Grass,21
Iteration,991,Predator,102,Prey,15573,Grass,15
Iteration,992,Predator,102,Prey,16065,Grass,12
Iteration,993,Predator,102,Prey,16309,Grass,16
Iteration,994,Predator,102,Prey,16581,Grass,16
Iteration,995,Predator,102,Prey,16764,Grass,10
Iteration,996,Predator,102,Prey,16826,Grass,11
Iteration,997,Predator,102,Prey,16798,Grass,9
Iteration,998,Predator,103,Prey,16728,Grass,10
Iteration,999,Predator,103,Prey,16839,Grass,9
Iteration,1000,Predator,103,Prey,16573,Grass,7
